pair_id,case_id,lane,regime,status,winner,correctness_A,instruction_following_A,grounding_A,coherence_A,usefulness_A,calibration_A,correctness_B,instruction_following_B,grounding_B,coherence_B,usefulness_B,calibration_B,evidence_A,evidence_B,notes,reviewer,reviewed_at
3e87ebb69b4178443d83,general-01-summary,general,sample212,pending,,,,,,,,,,,,,,,,,,
69d33b13a60cf9310a06,general-01-summary,general,sample212,pending,,,,,,,,,,,,,,,,,,
7d7a39af4d1dfa253f3b,general-01-summary,general,sample211,pending,,,,,,,,,,,,,,,,,,
7eb3a9e33289c1806022,general-01-summary,general,greedy,pending,,,,,,,,,,,,,,,,,,
8fccf16891940b824bd3,general-01-summary,general,greedy,pending,,,,,,,,,,,,,,,,,,
cd0ae68c608c24c39730,general-01-summary,general,sample211,pending,,,,,,,,,,,,,,,,,,
2b9307c5ffdc24293ad9,general-02-json,general,sample212,pending,,,,,,,,,,,,,,,,,,
6d259cb7fdaf23da243b,general-02-json,general,sample211,pending,,,,,,,,,,,,,,,,,,
a376f3f00ff359173ce1,general-02-json,general,sample212,pending,,,,,,,,,,,,,,,,,,
a9c4d4d7b64c245cafa5,general-02-json,general,greedy,pending,,,,,,,,,,,,,,,,,,
ac68e2cfdb9d77c996e3,general-02-json,general,greedy,pending,,,,,,,,,,,,,,,,,,
d1624a25a5ab61b53ceb,general-02-json,general,sample211,pending,,,,,,,,,,,,,,,,,,
07860cc6fa8ba8b6f345,general-03-arithmetic,general,sample212,pending,,,,,,,,,,,,,,,,,,
09ff96e4eb74f7c56f61,general-03-arithmetic,general,sample211,pending,,,,,,,,,,,,,,,,,,
295242eaec2b326d1223,general-03-arithmetic,general,greedy,pending,,,,,,,,,,,,,,,,,,
8736b843c23d99e0e38f,general-03-arithmetic,general,greedy,pending,,,,,,,,,,,,,,,,,,
be4094bffb85c33c3f82,general-03-arithmetic,general,sample212,pending,,,,,,,,,,,,,,,,,,
c783092a194676d76941,general-03-arithmetic,general,sample211,pending,,,,,,,,,,,,,,,,,,
211e24ce0a07ca6e0b82,general-04-code,general,sample211,pending,,,,,,,,,,,,,,,,,,
2630d59516ce9dbbb2f6,general-04-code,general,greedy,pending,,,,,,,,,,,,,,,,,,
33a1432ef95ca5571e5a,general-04-code,general,sample212,pending,,,,,,,,,,,,,,,,,,
41ed66f625ddb10b6f7d,general-04-code,general,sample211,pending,,,,,,,,,,,,,,,,,,
9f1446636708200b7a1a,general-04-code,general,sample212,pending,,,,,,,,,,,,,,,,,,
b81a187970ef43b61a71,general-04-code,general,greedy,pending,,,,,,,,,,,,,,,,,,
5e78466d882107046c19,general-05-causal,general,greedy,pending,,,,,,,,,,,,,,,,,,
67a502ec539419a2a5fc,general-05-causal,general,sample212,pending,,,,,,,,,,,,,,,,,,
722329e29ef0b183a7a7,general-05-causal,general,sample212,pending,,,,,,,,,,,,,,,,,,
7c851e75f26acd8051f8,general-05-causal,general,sample211,pending,,,,,,,,,,,,,,,,,,
9e2df34cc643fc3c0fca,general-05-causal,general,greedy,pending,,,,,,,,,,,,,,,,,,
da8cdd651c14ade06f1f,general-05-causal,general,sample211,pending,,,,,,,,,,,,,,,,,,
29080ee56a9b0fb33ed8,general-06-planning,general,sample211,pending,,,,,,,,,,,,,,,,,,
6435dd873e753e4c092a,general-06-planning,general,greedy,pending,,,,,,,,,,,,,,,,,,
88f84bcf744906b29c70,general-06-planning,general,sample212,pending,,,,,,,,,,,,,,,,,,
bf739c68d7a75bdf801d,general-06-planning,general,sample212,pending,,,,,,,,,,,,,,,,,,
db7ae4b7f574ed7f6e2b,general-06-planning,general,sample211,pending,,,,,,,,,,,,,,,,,,
f2cd75fc6f4041efe1cd,general-06-planning,general,greedy,pending,,,,,,,,,,,,,,,,,,
1063fce5ff4a72715b04,general-07-creative,general,sample212,pending,,,,,,,,,,,,,,,,,,
34abc4b8569a0e973363,general-07-creative,general,sample212,pending,,,,,,,,,,,,,,,,,,
5c4829e10a3b2c4226af,general-07-creative,general,greedy,pending,,,,,,,,,,,,,,,,,,
713635d4254bf067166f,general-07-creative,general,sample211,pending,,,,,,,,,,,,,,,,,,
d0b2eff48f3ac1860e27,general-07-creative,general,sample211,pending,,,,,,,,,,,,,,,,,,
eb7ffa8bc29218b6a8b4,general-07-creative,general,greedy,pending,,,,,,,,,,,,,,,,,,
20eab673d93c4a3dea88,general-08-clarification,general,greedy,pending,,,,,,,,,,,,,,,,,,
2d85840e27381784196e,general-08-clarification,general,greedy,pending,,,,,,,,,,,,,,,,,,
3bad153670799cedc584,general-08-clarification,general,sample212,pending,,,,,,,,,,,,,,,,,,
78013e3d8d1c0321a436,general-08-clarification,general,sample211,pending,,,,,,,,,,,,,,,,,,
a8a53d4ee73021e614c5,general-08-clarification,general,sample212,pending,,,,,,,,,,,,,,,,,,
ae5c31cb1cf395e55f93,general-08-clarification,general,sample211,pending,,,,,,,,,,,,,,,,,,
3af31d286e3e6d3f32ae,relation-01-forward,relation,greedy,pending,,,,,,,,,,,,,,,,,,
510aec582578fc3500c3,relation-01-forward,relation,sample211,pending,,,,,,,,,,,,,,,,,,
7f7a35312c1785cce85a,relation-01-forward,relation,sample212,pending,,,,,,,,,,,,,,,,,,
ad556e3d36bdc79f1645,relation-01-forward,relation,greedy,pending,,,,,,,,,,,,,,,,,,
c3945853a1888b19a08c,relation-01-forward,relation,sample212,pending,,,,,,,,,,,,,,,,,,
f9382dafdd0fd65642b0,relation-01-forward,relation,sample211,pending,,,,,,,,,,,,,,,,,,
11575a0795f8a04a3c06,relation-01-reverse,relation,sample211,pending,,,,,,,,,,,,,,,,,,
4fc6d6e1c7b0cdcdf6d7,relation-01-reverse,relation,sample212,pending,,,,,,,,,,,,,,,,,,
a72885af177bc82b52b9,relation-01-reverse,relation,sample211,pending,,,,,,,,,,,,,,,,,,
d76bf2642d0cb83e6fdc,relation-01-reverse,relation,sample212,pending,,,,,,,,,,,,,,,,,,
e2339e7dd927144e9d3d,relation-01-reverse,relation,greedy,pending,,,,,,,,,,,,,,,,,,
eb0ecf1cbea2fcbe803d,relation-01-reverse,relation,greedy,pending,,,,,,,,,,,,,,,,,,
3aee7b1ac3a4d5e48962,relation-02-forward,relation,sample212,pending,,,,,,,,,,,,,,,,,,
93a289126d516f6318e8,relation-02-forward,relation,greedy,pending,,,,,,,,,,,,,,,,,,
942737bc6cf3daf8f761,relation-02-forward,relation,sample212,pending,,,,,,,,,,,,,,,,,,
bdb0a3dd43ef1b5f64af,relation-02-forward,relation,sample211,pending,,,,,,,,,,,,,,,,,,
d4d83999a776d2a75e28,relation-02-forward,relation,greedy,pending,,,,,,,,,,,,,,,,,,
d8c44715d9908d1c1f0a,relation-02-forward,relation,sample211,pending,,,,,,,,,,,,,,,,,,
3d52f2e980f41ffc6468,relation-02-reverse,relation,sample212,pending,,,,,,,,,,,,,,,,,,
7dca37d61d2b03b275c5,relation-02-reverse,relation,greedy,pending,,,,,,,,,,,,,,,,,,
da8b7971dc51c5898334,relation-02-reverse,relation,sample211,pending,,,,,,,,,,,,,,,,,,
e1f2c42be38eea8a06a3,relation-02-reverse,relation,sample211,pending,,,,,,,,,,,,,,,,,,
e4f6fb060b5ae7f11e1c,relation-02-reverse,relation,greedy,pending,,,,,,,,,,,,,,,,,,
ef6435b4d01da2e6732b,relation-02-reverse,relation,sample212,pending,,,,,,,,,,,,,,,,,,
01f96962ee4b667389a7,relation-03-forward,relation,greedy,pending,,,,,,,,,,,,,,,,,,
1915711d71c2e39d8256,relation-03-forward,relation,sample211,pending,,,,,,,,,,,,,,,,,,
36ec776b99ea84a2f3e4,relation-03-forward,relation,greedy,pending,,,,,,,,,,,,,,,,,,
9a92bf3d8fd730d4e93b,relation-03-forward,relation,sample212,pending,,,,,,,,,,,,,,,,,,
e6feee5c252a695054ec,relation-03-forward,relation,sample211,pending,,,,,,,,,,,,,,,,,,
fdffaf4fd66203cc027f,relation-03-forward,relation,sample212,pending,,,,,,,,,,,,,,,,,,
1036a68d73288c268449,relation-03-reverse,relation,sample212,pending,,,,,,,,,,,,,,,,,,
4e72cd2af5fc9326e106,relation-03-reverse,relation,greedy,pending,,,,,,,,,,,,,,,,,,
863ed6305f16802c67c5,relation-03-reverse,relation,sample211,pending,,,,,,,,,,,,,,,,,,
bc438bdb7fde65973f07,relation-03-reverse,relation,greedy,pending,,,,,,,,,,,,,,,,,,
d1f7efde95434c0c698e,relation-03-reverse,relation,sample212,pending,,,,,,,,,,,,,,,,,,
f39146bf75dd55cd0e60,relation-03-reverse,relation,sample211,pending,,,,,,,,,,,,,,,,,,
23f2a0e767793f5d1273,relation-04-forward,relation,sample212,pending,,,,,,,,,,,,,,,,,,
2c18b09b1461e5853379,relation-04-forward,relation,greedy,pending,,,,,,,,,,,,,,,,,,
56a164064848bb2399bb,relation-04-forward,relation,sample211,pending,,,,,,,,,,,,,,,,,,
57160c0720899e035d7a,relation-04-forward,relation,sample211,pending,,,,,,,,,,,,,,,,,,
baf0ea3b84961b3e6513,relation-04-forward,relation,sample212,pending,,,,,,,,,,,,,,,,,,
f90858b5e280df7c3ca8,relation-04-forward,relation,greedy,pending,,,,,,,,,,,,,,,,,,
05c06a399d50f359c2ac,relation-04-reverse,relation,sample212,pending,,,,,,,,,,,,,,,,,,
58e1f7b27d2b89a76c73,relation-04-reverse,relation,greedy,pending,,,,,,,,,,,,,,,,,,
7122f8900bbfa457ebdf,relation-04-reverse,relation,sample211,pending,,,,,,,,,,,,,,,,,,
9e55d0505fb5e685b636,relation-04-reverse,relation,greedy,pending,,,,,,,,,,,,,,,,,,
ca2aa9845a8703e260db,relation-04-reverse,relation,sample212,pending,,,,,,,,,,,,,,,,,,
dd96e39179b9c29b4ea3,relation-04-reverse,relation,sample211,pending,,,,,,,,,,,,,,,,,,
